corrected.NameF,TS.SequenceF,corrected.NameR,TS.SequenceR
ITS1_129_F,TCCGTAGGTGAACCTGCGG,ITS2_129_R,GCTGCGTTCTTCATCGATGC
18S_0067a_deg_3Mod_53_F,AAGCCATGCATGYCTAAGTATM,NSR399_3Mod_53_R,TCTCAGGCTCCYTCTCC
Proti643_31_F,CCGCGGTAATTCCAGCTC,wang1141CR_14_R,GGTGCCCTTCCGTCAATTC
519R_F_119_F,CAGCMGCCGCGGTAATWC,CDR_119_R,CTTGTGCGGGCCCCCGTCAATTC
Gen_600_7_F,GCCGCGGTAATTCCAGCT,Mach2Gen_7_R,TCCGTCAATTTCTTTAAGTTTCAG
Eim_COX0_50_F,CCTCATTTAACGGTGATCCAGTACT,Eim_COX0_50_R,GCACCAAGAGATAGTACGAAATGGA
515F_Y_118_F,GTGYCAGCMGCCGCGGTAA,806R_118_R,GGACTACNVGGGTWTCTAAT
Klin0341_19_F,CCTACGGGNGGCWGCAG,Klin0785_CR_19_R,GACTACHVGGGTATCTAATCC
EntOv_430F_117_F,GTAGTGACGACAAATAACTCTTG,EntUng_900R_117_R,TTTCGTTCTTGATTAATGAACG
27M_F_98_F,AGRGTTTGATCMTGGCTCAG,Klin0341_CR_18_R,CTGCWGCCNCCCGTAGG
Mach1_9_F,TGGTGCCAGCAGCCGC,Mach2Gen_7_R,TCCGTCAATTTCTTTAAGTTTCAG
Proti628_30_F,GTCTGGTGCCAGCASCC,wang1141CR_14_R,GGTGCCCTTCCGTCAATTC
D3A_5Mod_46_F,CCGTCTTGAAACACGGA,D3B_5Mod_46_R,CGGAAGGAACCAGCTACTA
Eim_Ap5_F_60_F,YAAAGGAATTTGAATCCTCGTTT,Eim_Ap5_R_60_R,YAGAATTGATGCCTGAGYGGTC
18S_0067a_deg_5Mod_52_F,GCCATGCATGYCTAAGTATMA,NSR399_5Mod_52_R,AGGCTCCYTCTCCGG
16S.1100.F16_100_for,CAACGAGCGCAACCCT,1492R_100_rev,TACGGYTACCTTGTTAYGACTT
F1073_101_F,CATGGYTGTCGTCAGCTCGT,1492R_100_R,TACGGYTACCTTGTTAYGACTT
Proti1580_33_F,TTGACGGARKGGYACCACMA,wang1624CR6S_16_R,GGGCGGTGTGTACAAAGG
ADM330_18_F,ACTCCTACGGGAGGCAGC,Klin0785_CR_19_R,GACTACHVGGGTATCTAATCC
MarkN_10_F,GCTTGTCTCAAAGATTAAGCCN,Euk360_CR_21_R,TCTCAKGCKCCYTCTCCG
Hadz_566_6_F,CAGCAGCCGCGGTAATTCC,Nem_0425_4_2_R,ARACATTCTTGGCAAATGCYTTC
Hadz_566_6_F,CAGCAGCCGCGGTAATTCC,Mach2Gen_7_R,TCCGTCAATTTCTTTAAGTTTCAG
LSU_Fwd_2_3Mod_55_F,ACAAGTACCDTRAGGGAAAGTT,LSU_R_4_54_R,GTTAGACTYCTTGGTCCGTG
Klin0341_19_for,CTACGGGNGGCWGCAG,CS2_907R_101_rev,CCGTCAATTCMTTTRAGTTT
MarkN_10_F,GCTTGTCTCAAAGATTAAGCCN,Proti440R_28_R,CAGGCYCSCTCTCCGGA
Df_ITSRev_114_F,GCGGGTCTTCCTATATAAACAAGAACC,Df_ITSnesFor_114_R,ATACGTCCCTGCCCTTTGTA
Gen_600_7_F,GCCGCGGTAATTCCAGCT,Nem_0425_4_2_R,ARACATTCTTGGCAAATGCYTTC
Proti643_31_F,CCGCGGTAATTCCAGCTC,Proti1580R_32_R,TKGTGGTRCCMYTCCGTCAA
NLF184cw _74_F,TACCCGCTGAAYTTAAGCATAT,NL818cw_74_R,AGACTCCTTGGTCCRTGT
Em_WG_MTInvF_66_F,ACTGGATCACCATTAAAGGCAGCA,COI_1202R_66_R,CCAAKRAYHGCACCAAGAGATA
Eim_ORFZ_131_F,GATGATATATCTTATTATTCAATTCCTT,Eim_ORFVH_131_R,CCACGATACCAATTTTGTACTGT
5.8SR_130_F,TCGATGAAGAACGCAGCG,ITS4_130_R,TCCTCCGCTTATTGATATGC
fwhF2_106_F,GGDACWGGWTGAACWGTWTAYCCHCC,fwhR2n_106_R,GTRATWGCHCCDGCTARWACWGG
18S9modF_88_F,ATCCTGCCAGTAGTCATATGCTTG,18S637modR_89_R,TACGCTWYTGGAGCTGGAGTTACCG
Prot1702_32_F,YGGTGRTGCATGGCCGYT,wang1624CR6S_16_R,GGGCGGTGTGTACAAAGG
27M_F_98_F,AGRGTTTGATCMTGGCTCAG,CCR_98_R,GCTGCCTCCCGTAGGAGTCTGG
wang1141_13_F,GAATTGACGGAAGGGCACC,Nem_0425_6_3_R,AAGGGCATCACAGACCTGTTAT
Gen_600_7_F,GCCGCGGTAATTCCAGCT,Hadz_1200_5_R,CCCGTGTTGAGTCAAATTAAGC
HSPF3_112_F,GCTGSTGATACTCACTTGGGTGG,HSPR3_112_R,CTCTTGTCCATACCAGCATCC
Eim_COX1_51_F,CTCCAACCTCAGTCGATTTAATTGTAT,Eim_COX1_51_R,TCATCATATGGTGTGCCCAAACTA
Nem_0425_6CR_14_F,ATAACAGGTCTGTGATGCCCTT,EukB_MH_24_R,TGATCCTTCTGCAGGTTCACC
ACM_008_17_F,AGAGTTTGATCCTGGCTCAG,ADM330_CR_17_R,GCTGCCTCCCGTAGGAGT
Em_WG_MT_4506F_53Mod_83_F,GTTATTAGTACTGAGTTACTAC,Em_WG_MT_4993R_53Mod_84_R,GAGGTAATACCATAATACTAG
Eim_Nuc3665_17_F,AGTTGTAGTTCGGGAGGTCTTC,Eim_Nuc3666_17_R,GAGGTAGTCGCCACCCAGA
Eim_Nuc6133_28_F,TCTGGGAAGATGGGGTGTACA,Eim_Nuc6134_28_R,TGCGTTACGGTGTATAGGCA
Proti15_25_F,TGCCAGTAGTCATATGCTTGTYT,Proti440R_28_R,CAGGCYCSCTCTCCGGA
Prot1702_32_F,YGGTGRTGCATGGCCGYT,EukB_MH_24_R,TGATCCTTCTGCAGGTTCACC
Prot1702_32_F,YGGTGRTGCATGGCCGYT,EukB_MV_25_R,TCCTTCTGCAGGTTCACCTAC
