Name_F,Name_R,Seq_F,Seq_R
ITS1_129_F,ITS2_129_R,TCCGTAGGTGAACCTGCGG,GCTGCGTTCTTCATCGATGC
18S_0067a_deg_3Mod_53_F,NSR399_3Mod_53_R,AAGCCATGCATGYCTAAGTATM,TCTCAGGCTCCYTCTCC
Proti643_31_F,wang1141CR_14_R,CCGCGGTAATTCCAGCTC,GGTGCCCTTCCGTCAATTC
519R_F_119_F,CDR_119_R,CAGCMGCCGCGGTAATWC,CTTGTGCGGGCCCCCGTCAATTC
Gen_600_7_F,Mach2Gen_7_R,GCCGCGGTAATTCCAGCT,TCCGTCAATTTCTTTAAGTTTCAG
Bgf_132_F,Bgr_132_R,GAACGAACGAGATCGAGGTCCG,CTCGACGAGCTTCGTGTT
515F_Y_118_F,806R_118_R,GTGYCAGCMGCCGCGGTAA,GGACTACNVGGGTWTCTAAT
Klin0341_19_F,Klin0785_CR_19_R,CCTACGGGNGGCWGCAG,GACTACHVGGGTATCTAATCC
EntOv_430F_117_F,EntUng_900R_117_R,GTAGTGACGACAAATAACTCTTG,TTTCGTTCTTGATTAATGAACG
mlCOIintF_121_F,Fol_degen_R_121_R,GGWACWGGWTGAACWGTWTAYCCYCC,TANACYTCNGGRTGNCCRAARAAYCA
Mach1_9_F,Mach2Gen_7_R,TGGTGCCAGCAGCCGC,TCCGTCAATTTCTTTAAGTTTCAG
Proti628_30_F,wang1141CR_14_R,GTCTGGTGCCAGCASCC,GGTGCCCTTCCGTCAATTC
D3A_5Mod_46_F,D3B_5Mod_46_R,CCGTCTTGAAACACGGA,CGGAAGGAACCAGCTACTA
Eim_Ap5_F_60_F,Eim_Ap5_R_60_R,YAAAGGAATTTGAATCCTCGTTT,YAGAATTGATGCCTGAGYGGTC
18S_0067a_deg_5Mod_52_F,NSR399_5Mod_52_R,GCCATGCATGYCTAAGTATMA,AGGCTCCYTCTCCGG
LepF1_120_F,M_LepF1_R_120_R,ATTCAACCAATCATAAAGATATTGG,CGTGGAAAWGCTATATCWGGTG
F1073_101_F,1492R_100_R,CATGGYTGTCGTCAGCTCGT,TACGGYTACCTTGTTAYGACTT
Proti1580_33_F,wang1624CR6S_16_R,TTGACGGARKGGYACCACMA,GGGCGGTGTGTACAAAGG
NdmlCOIlintF_1_72_F,dgHCO2198_72_R,GGAACAGGATGAACTGTTTACCCTCC,TAAACTTCAGGGTGACCAAARAAYCA
MarkN_10_F,Euk360_CR_21_R,GCTTGTCTCAAAGATTAAGCCN,TCTCAKGCKCCYTCTCCG
Hadz_566_6_F,Nem_0425_4_2_R,CAGCAGCCGCGGTAATTCC,ARACATTCTTGGCAAATGCYTTC
Hadz_566_6_F,Mach2Gen_7_R,CAGCAGCCGCGGTAATTCC,TCCGTCAATTTCTTTAAGTTTCAG
LSU_Fwd_2_3Mod_55_F,LSU_Rev_4_54_R,ACAAGTACCDTRAGGGAAAGTT,GTTAGACTYCTTGGTCCGTG
GDH3_133_F,GHD4_133_R,ATGACYGAGCTYCAGAGGCACGT,GTGGCGCARGGCATGATGCA
MarkN_10_F,Proti440R_28_R,GCTTGTCTCAAAGATTAAGCCN,CAGGCYCSCTCTCCGGA
Df_ITSRev_114_F,Df_ITSnesFor_114_R,GCGGGTCTTCCTATATAAACAAGAACC,ATACGTCCCTGCCCTTTGTA
Gen_600_7_F,Nem_0425_4_2_R,GCCGCGGTAATTCCAGCT,ARACATTCTTGGCAAATGCYTTC
Proti643_31_F,Proti1580R_32_R,CCGCGGTAATTCCAGCTC,TKGTGGTRCCMYTCCGTCAA
NLF184cw_74_F,NL818cw_74_R,TACCCGCTGAAYTTAAGCATAT,AGACTCCTTGGTCCRTGT
mlCOIintF_XT_104_F,JgHCO2198_104_R,GGWACWRGWTGRACWNTNTAYCCYCC,TANACYTCNGGRTGNCCRAARAAYCA
Eim_ORFZ_131_F,Eim_ORFVH_131_R,GATGATATATCTTATTATTCAATTCCTT,CCACGATACCAATTTTGTACTGT
5.8SR_130_F,ITS4_130_R,TCGATGAAGAACGCAGCG,TCCTCCGCTTATTGATATGC
fwhF2_106_F,fwhR2n_106_R,GGDACWGGWTGAACWGTWTAYCCHCC,GTRATWGCHCCDGCTARWACWGG
18S9modF_88_F,18S637modR_89_R,ATCCTGCCAGTAGTCATATGCTTG,TACGCTWYTGGAGCTGGAGTTACCG
Prot1702_32_F,wang1624CR6S_16_R,YGGTGRTGCATGGCCGYT,GGGCGGTGTGTACAAAGG
27M_F_98_F,CCR_98_R,AGRGTTTGATCMTGGCTCAG,GCTGCCTCCCGTAGGAGTCTGG
wang1141_13_F,Nem_0425_6_3_R,GAATTGACGGAAGGGCACC,AAGGGCATCACAGACCTGTTAT
Gen_600_7_F,Hadz_1200_5_R,GCCGCGGTAATTCCAGCT,CCCGTGTTGAGTCAAATTAAGC
HSPF3_112_F,HSPR3_112_R,GCTGSTGATACTCACTTGGGTGG,CTCTTGTCCATACCAGCATCC
BhRDr_115_F,RD5_115_R,GAGCTTTTTAACTGCAACAACG,ATCTGGTTGATCCTGCCAGT
Nem_0425_6CR_14_F,EukB_MH_24_R,ATAACAGGTCTGTGATGCCCTT,TGATCCTTCTGCAGGTTCACC
ACM_008_17_F,ADM330_CR_17_R,AGAGTTTGATCCTGGCTCAG,GCTGCCTCCCGTAGGAGT
COX1.DINO.F_122_F,COX1.DINO.2.R_122_R,GAATTTGGAGGTGGCACNGGNTGGACNYT,CCCATCGTATACATRTGRTGNCCCCANAC
AL3544_113_F,AL3545_113_R,CCCTTCATCGGNGGTAACTT,GTGGCCACCACNCCCGTGCC
54F_134_F,539R_134_R,CAYGTCTAAGTATAAATAACTAC,CTTGCCCTCYAATCGTWCT
Proti15_25_F,Proti440R_28_R,TGCCAGTAGTCATATGCTTGTYT,CAGGCYCSCTCTCCGGA
Prot1702_32_F,EukB_MH_24_R,YGGTGRTGCATGGCCGYT,TGATCCTTCTGCAGGTTCACC
Prot1702_32_F,EukB_MV_25_R,YGGTGRTGCATGGCCGYT,TCCTTCTGCAGGTTCACCTAC
